job_id,name
12,"unknown"
13,"unknown"
14,"Producer"
15,"Actor"
16,"Producer"
17,"Casting",
18,"Art Department"
19,"unknown"
20,"unknown"
21,"Director"
22,"unknown"
23,"Director of Photography"
24,"unknown"
26,"unknown"
27,"Composer"
28,"unknown"
29,"unknown"
33,"Editor"
32,"unknown"
33,"unknown"
34,"unknown"
35,"unknown"
36,"unknown"
38,"unknown"
40,"unknown"
41,"unknown"
43,"Associate Producer"
44,"unknown"
49,"unknown"
52,"unknown"
53,"unknown"
55,"unknown"
57,"unknown"
61,"unknown"
62,"unknown"
63,"unknown"
67,"unknown"
68,"unknown"
77,"Art Direction"
78,"unknown"
81,"Set Decoration"
85,"unknown"
88,"unknown"
94,"unknown"
95,"unknown"
98,"unknown"
99,"unknown"
100,"Screenplay"
103,"unknown"
104,"Story"
111,"unknown"
126,"unknown"
133,"unknown"
138,"unknown"
153,"unknown"
154,"unknown"
156,"unknown"
157,"unknown"
159,"unknown"
163,"unknown"
164,"unknown"
165,"unknown"
169,"unknown"
202,"unknown"
204,"unknown"
205,"unknown"
206,"unknown"
207,"unknown"
209,"unknown"
210,"unknown"
211,"unknown"
216,"unknown"
218,"unknown"
220,"unknown"
221,"unknown"
222,"unknown"
223,"unknown"
224,"unknown"
225,"unknown"
226,"unknown"
227,"unknown"
228,"unknown"
229,"unknown"
230,"unknown"
231,"unknown"
232,"unknown"
233,"unknown"
235,"unknown"
236,"unknown"
237,"unknown"
238,"unknown"
239,"unknown"
240,"unknown"
241,"unknown"
242,"unknown"
243,"unknown"
246,"unknown"
247,"unknown"
248,"unknown"
249,"unknown"
250,"unknown"
251,"unknown"
252,"unknown"
253,"unknown"
254,"unknown"
255,"unknown"
256,"unknown"
257,"unknown"
258,"unknown"
259,"unknown"
260,"unknown"
261,"unknown"
262,"unknown"
263,"unknown"
264,"unknown"
265,"unknown"
266,"unknown"
267,"unknown"
268,"unknown"
270,"unknown"
271,"unknown"
272,"unknown"
273,"unknown"
274,"unknown"
275,"unknown"
276,"unknown"
277,"unknown"
278,"unknown"
279,"unknown"
280,"unknown"
281,"unknown"
283,"unknown"
295,"unknown"
297,"unknown"
298,"unknown"
299,"unknown"
300,"unknown"
301,"unknown"
302,"unknown"
306,"unknown"
309,"unknown"
310,"unknown"
311,"unknown"
312,"unknown"
313,"unknown"
314,"unknown"
315,"unknown"
316,"unknown"
318,"unknown"
321,"unknown"
322,"unknown"
323,"unknown"
324,"unknown"
325,"unknown"
326,"unknown"
327,"unknown"
329,"unknown"
330,"unknown"
331,"unknown"
332,"unknown"
333,"unknown"
334,"unknown"
335,"unknown"
336,"unknown"
338,"unknown"
339,"unknown"
340,"unknown"
341,"unknown"
342,"unknown"
343,"unknown"
344,"unknown"
346,"unknown"
347,"unknown"
348,"unknown"
349,"unknown"
350,"unknown"
352,"unknown"
353,"unknown"
354,"unknown"
355,"unknown"
356,"unknown"
357,"unknown"
358,"unknown"
359,"unknown"
360,"unknown"
361,"unknown"
362,"unknown"
363,"unknown"
364,"unknown"
365,"unknown"
366,"unknown"
367,"unknown"
368,"unknown"
369,"unknown"
370,"unknown"
371,"unknown"
372,"unknown"
373,"unknown"
374,"unknown"
375,"unknown"
376,"unknown"
377,"unknown"
378,"unknown"
379,"unknown"
380,"unknown"
381,"unknown"
382,"unknown"
383,"unknown"
384,"unknown"
385,"unknown"
386,"unknown"
387,"unknown"
388,"unknown"
389,"unknown"
390,"unknown"
391,"unknown"
392,"unknown"
393,"unknown"
394,"unknown"
395,"unknown"
396,"unknown"
397,"unknown"
398,"unknown"
399,"unknown"
400,"unknown"
401,"unknown"
403,"unknown"
404,"unknown"
405,"unknown"
406,"unknown"
407,"unknown"
408,"unknown"
409,"unknown"
410,"unknown"
411,"unknown"
412,"unknown"
413,"unknown"
415,"unknown"
416,"unknown"
419,"unknown"
420,"unknown"
421,"unknown"
422,"unknown"
423,"unknown"
424,"unknown"
425,"unknown"
426,"unknown"
427,"unknown"
428,"unknown"
429,"unknown"
431,"unknown"
432,"unknown"
433,"unknown"
434,"unknown"
435,"unknown"
436,"unknown"
438,"unknown"
439,"unknown"
440,"unknown"
442,"unknown"
443,"unknown"
444,"unknown"
445,"unknown"
446,"unknown"
447,"unknown"
448,"unknown"
449,"unknown"
450,"unknown"
455,"unknown"
462,"unknown"
469,"unknown"
473,"unknown"
474,"unknown"
476,"unknown"
477,"unknown"
481,"unknown"
482,"unknown"
483,"unknown"
486,"unknown"
488,"unknown"
490,"unknown"
491,"unknown"
492,"unknown"
494,"unknown"
495,"unknown"
497,"unknown"
498,"unknown"
499,"unknown"
500,"unknown"
502,"unknown"
503,"unknown"
505,"unknown"
506,"unknown"
507,"unknown"
508,"unknown"
509,"unknown"
510,"unknown"
512,"unknown"
513,"unknown"
514,"unknown"
516,"unknown"
517,"unknown"
520,"unknown"
521,"unknown"
525,"unknown"
527,"unknown"
529,"unknown"
530,"unknown"
534,"unknown"
537,"unknown"
538,"unknown"
543,"unknown"
544,"unknown"
550,"unknown"
552,"unknown"
554,"unknown"
558,"unknown"
560,"unknown"
562,"unknown"
563,"unknown"
564,"unknown"
565,"unknown"
566,"unknown"
567,"unknown"
568,"unknown"
569,"unknown"
571,"unknown"
572,"unknown"
573,"unknown"
574,"unknown"
575,"unknown"
576,"unknown"
586,"unknown"
594,"unknown"
595,"unknown"
597,"unknown"
599,"unknown"
600,"unknown"
601,"unknown"
602,"unknown"
604,"unknown"
606,"unknown"
608,"unknown"
610,"unknown"
611,"unknown"
614,"unknown"
615,"unknown"
618,"unknown"
619,"unknown"
620,"unknown"
622,"unknown"
623,"unknown"
624,"unknown"
625,"unknown"
626,"unknown"
627,"unknown"
628,"unknown"
631,"unknown"
633,"unknown"
634,"unknown"
637,"unknown"
639,"unknown"
640,"unknown"
641,"unknown"
642,"unknown"
643,"unknown"
644,"unknown"
646,"unknown"
647,"unknown"
648,"unknown"
649,"unknown"
650,"unknown"
651,"unknown"
652,"unknown"
653,"unknown"
654,"unknown"
655,"unknown"
656,"unknown"
657,"unknown"
658,"unknown"
661,"unknown"
666,"unknown"
667,"unknown"
673,"unknown"
674,"unknown"
675,"unknown"
676,"unknown"
677,"unknown"
678,"Costumer"
681,"unknown"
682,"unknown"
683,"unknown"
684,"unknown"
687,"unknown"
699,"unknown"
700,"unknown"
701,"unknown"
702,"unknown"
703,"unknown"
704,"unknown"
705,"unknown"
706,"unknown"
708,"unknown"
709,"unknown"
711,"unknown"
712,"unknown"
713,"unknown"
714,"unknown"
715,"unknown"
716,"unknown"
717,"unknown"
719,"unknown"
720,"unknown"
729,"unknown"
730,"unknown"
731,"unknown"
732,"unknown"
733,"unknown"
734,"unknown"
735,"unknown"
739,"unknown"
740,"unknown"
741,"unknown"
742,"unknown"
743,"unknown"
745,"unknown"
748,"unknown"
749,"unknown"
754,"unknown"
756,"unknown"
757,"unknown"
758,"unknown"
759,"unknown"
760,"unknown"
765,"unknown"
770,"unknown"
771,"unknown"
772,"unknown"
774,"unknown"
775,"unknown"
776,"unknown"
777,"unknown"
778,"unknown"
779,"unknown"
780,"unknown"
781,"unknown"
782,"unknown"
783,"unknown"
784,"unknown"
785,"unknown"
787,"unknown"
788,"unknown"
791,"unknown"
794,"unknown"
795,"unknown"
796,"unknown"
797,"unknown"
799,"unknown"
801,"unknown"
802,"unknown"
803,"unknown"
804,"unknown"
805,"unknown"
806,"unknown"
819,"unknown"
821,"unknown"
823,"unknown"
824,"unknown"
825,"unknown"
826,"unknown"
